,PID,MAIL CS,MAIL_ADDRESS,LU
0,100061000,RC,399 SARATOGA ST,EAST BOSTON MA
1,100083000,RC,378A CHELSEA ST,EAST BOSTON MA
2,100087000,C,282 BENNINGTON ST,EAST BOSTON MA
3,100088000,RC,292 BENNINGTON ST,EAST BOSTON MA
4,100091000,C,282 BENNINGTON,EAST BOSTON MA
5,100092000,C,282 BENNINGTON ST,EAST BOSTON MA
6,100093000,RC,282 BENNINGTON ST,EAST BOSTON MA
7,100094000,C,282 BENNINGTON ST,EAST BOSTON MA
8,100095000,RC,258 BENNINGTON ST,EAST BOSTON MA
9,100733000,RC,710 SARATOGA ST,EAST BOSTON MA
10,100290000,C,370 EAST EAGLE ST,EAST BOSTON MA
11,100291000,C,370 EAST EAGLE ST,EAST BOSTON MA
12,100292000,C,370 EAST EAGLE ST,EAST BOSTON MA
13,100293000,RC,370 EAST EAGLE ST,EAST BOSTON MA
14,100303001,RC,474 SARATOGA ST,EAST BOSTON MA
15,100316000,C,347A CHELSEA,EAST BOSTON MA
16,100317000,RC,282 BENNINGTON ST,EAST BOSTON MA
17,100318000,RC,353 CHELSEA ST,EAST BOSTON MA
18,100324000,C,371 CHELSEA ST,EAST BOSTON MA
19,100326000,RC,291 BENNINGTON ST,EAST BOSTON MA
20,100327000,RC,282 BENNINGTON ST,EAST BOSTON MA
21,100332000,RC,313- 315 BENNINGTON ST,EAST BOSTON MA
22,100348000,C,282 BENNINGTON ST,EAST BOSTON MA
23,100438010,C,160 WILLIAM F MCCLELLAN HWY,EAST BOSTON MA
24,100469000,RC,387 CHELSEA ST,EAST BOSTON MA
25,100470000,RC,387 CHELSEA ST,EAST BOSTON MA
26,100471000,RC,387 CHELSEA ST,EAST BOSTON MA
27,100473000,RC,405 CHELSEA ST,EAST BOSTON MA
28,100474000,RC,409 CHELSEA ST,EAST BOSTON MA
29,100475000,RC,409 CHELSEA ST,EAST BOSTON MA
30,100476000,RC,411 CHELSEA ST,EAST BOSTON MA
31,100482010,C,3 NEPTUNE STREET,EAST BOSTON MA
32,100482010,C,3 NEPTUNE STREET,EAST BOSTON MA
33,100483000,C,2 A NEPTUNE RD,EAST BOSTON MA
34,100502000,C,394 BENNINGTON ST,EAST BOSTON MA
35,100520000,C,397 ASHMONT ST,DORCHESTER MA
36,100521000,C,397 ASHMONT ST,DORCHESTER MA
37,100532000,RC,956 SARATOGA,EAST BOSTON MA
38,100548003,C,830 SARATOGA,EAST BOSTON MA
39,100557000,C,804-808 SARATOGA ST,EAST BOSTON MA
40,100592000,C,73 ADDISON ST,EAST BOSTON MA
41,100594000,C,73 ADDISON ST ,EAST BOSTON MA
42,100595000,C,73 ADDISON ST,EAST BOSTON MA
43,100597000,C,73 ADDISON ST ,EAST BOSTON MA
44,100607000,C,141 ADDISON ST,EAST BOSTON MA
45,100608000,C,143 ADDISON ST,EAST BOSTON MA
46,100832000,C,100 SWIFT ST,EAST BOSTON MA
47,100849000,C,525 BENNINGTON,EAST BOSTON MA
48,100863000,RC,563 BENNINGTON ST,EAST BOSTON MA
49,100874000,C,40 EVERETT ST,EAST BOSTON MA
50,100881000,RC,579 BENNINGTON ST,EAST BOSTON MA
51,100927000,C,620 BENNINGTON ST,EAST BOSTON MA
52,100928000,C,616 BENNINGTON ST,EAST BOSTON MA
53,100949000,C,431 FRANKFORT ST,EAST BOSTON MA
54,101081000,RC,728 BENNINGTON ST,EAST BOSTON MA
55,101235000,C,1041-1045 SARATOGA ST,EAST BOSTON MA
56,101319000,RC,738 BENNINGTON ST #2,EAST BOSTON MA
57,101360000,C,1144 SARATOGA ST,EAST BOSTON MA
58,101361000,C,1140 SARATOGA,EAST BOSTON MA
59,101361001,C,2 SHAWSHEEN RD,EAST BOSTON MA
60,101395000,C,1089-1091 BENNINGTON ST,EAST BOSTON MA
61,101400000,C,21 BENNINGTON ST #1,EAST BOSTON MA
62,101508000,RC,1141 SARATOGA ST,EAST BOSTON MA
63,101564000,RC,1216 BENNINGTON ST,EAST BOSTON MA
64,101587000,C,15 BREED ST,EAST BOSTON MA
65,101587001,C,15 BREED ST,EAST BOSTON MA
66,101624000,RC,972-974 SARATOGA ST,EAST BOSTON MA
67,101630000,C,216 ORIENT AVE,EAST BOSTON MA
68,101633000,C,10 MERIDIAN,EAST BOSTON MA
69,101648000,C,1225 BENNINGTON ST,EAST BOSTON MA
70,101649001,C,978 BENNINGTON ST,EAST BOSTON MA
71,101651000,C,440 SARAOGA ST,EAST BOSTON MA
72,101667005,C,200 WM F MCCLELLAN HWY,EAST BOSTON MA
73,101705000,C,251 LEYDEN ST,EAST BOSTON MA
74,101726000,C,1 BOARDMAN ST,EAST BOSTON MA
75,101743000,C,61 BOARDMAN ST,EAST BOSTON MA
76,101936000,RC,1 GLADSTONE ST,EAST BOSTON MA
77,101936000,RC,1 GLADSTONE ST,EAST BOSTON MA
78,102318000,RC,44 FAYWOOD AVE,EAST BOSTON MA
79,102525000,RC,143 BORDER ST,EAST BOSTON MA
80,102532000,RC,299-303 MERIDIAN ST,EAST BOSTON MA
81,102596000,RC,1 CURTIS STREET,EAST BOSTON MA
82,102635000,RC,351 MERIDIAN ST,EAST BOSTON MA
83,102671020,RC,143 BORDER ST,EAST BOSTON MA
84,102714000,RC,407 MERIDIAN ST,EAST BOSTON MA
85,102749000,RC,PO BOX 493,EAST BOSTON MA
86,102874000,C,1216 BENNINGTON ST,EAST BOSTON MA
87,103169000,RC,213 TRENTON ST,EAST BOSTON MA
88,103327000,C,255 CONDOR ST ,EAST BOSTON MA
89,103329000,C,255 CONDOR ST,EAST BOSTON MA
90,103330000,C,255 CONDOR ST,EAST BOSTON MA
91,103375000,C,201R SAVIN HILL AV,DORCHESTER MA
92,103416000,RC,52 WHITE ST,EAST BOSTON MA
93,103416000,RC,52 WHITE ST,EAST BOSTON MA
94,103434000,RC,24 WHITE ST,EAST BOSTON MA
95,103620000,RC,40 EVERETT ST,EAST BOSTON MA
96,103620000,RC,40 EVERETT ST,EAST BOSTON MA
97,103631000,RC,72 MARGINAL ST,EAST BOSTON MA
98,103647000,RC,72 MARGINAL ST,EAST BOSTON MA
99,103663000,C,301 BORDER ST,EAST BOSTON MA
100,103664000,C,315 BORDER ST,EAST BOSTON MA
101,103684000,C,1222 BENNINGTON ST,EAST BOSTON MA
102,103684000,C,1222 BENNINGTON ST,EAST BOSTON MA
103,103699000,C,1222 BENNINGTON ST,EAST BOSTON MA
104,103700000,C,1222 BENNINGTON ST,EAST BOSTON MA
105,103705000,RC,1222 BENNINGTON ST,EAST BOSTON MA
106,103711010,C,1 CURTIS ST,EAST BOSTON MA
107,103720000,C,41 BAYSWATER STREET,EAST BOSTON MA
108,103771000,C,184 BREMEN ST,EAST BOSTON MA
109,103771001,C,184 BREMEN ST,EAST BOSTON MA
110,103771002,C,184 BREMEN ST,EAST BOSTON MA
111,103771003,C,184 BREMEN ST,EAST BOSTON MA
112,103783000,RC,113 CHELSEA ST,EAST BOSTON MA
113,103824000,RC,65 CHELSEA ST,EAST BOSTON MA
114,103827000,RC,157 COLERIDGE ST,EAST BOSTON MA
115,103830000,C,66 CHELSEA ST,EAST BOSTON MA
116,103831000,RC,66 CHELSEA ST,EAST BOSTON MA
117,103837000,C,88 PUTNAM ST,EAST BOSTON MA
118,103868000,RC,100 MARGINAL ST ,EAST BOSTON MA
119,103870000,RC,146 MAVERICK ST,EAST BOSTON MA
120,103875000,RC,13 CHELSEA ST,EAST BOSTON MA
121,103913000,RC,57 ORIENT AVE,EAST BOSTON MA
122,103917005,C,156 MAVERICK ST,EAST BOSTON MA
123,103919002,C,1222 BENNINGTON ST,EAST BOSTON MA
124,103920001,C,23 BAYSWATER ST,EAST BOSTON MA
125,103963000,C,125 ORLEANS ST,EAST BOSTON MA
126,103964000,C,125 ORLEANS ST,EAST BOSTON MA
127,103993010,C,232 MAVERICK ST,EAST BOSTON MA
128,104038000,RC,85 LUBEC ST,EAST BOSTON MA
129,104041000,RC,72 MARGINAL ST,EAST BOSTON MA
130,104042000,RC,72 MARGINAL ST,EAST BOSTON MA
131,104043000,RC,72 MARGINAL ST,EAST BOSTON MA
132,104044000,RC,72 MARGINAL ST,EAST BOSTON MA
133,104064001,C,176 WEBSTER ST #2,EAST BOSTON MA
134,104064002,RC,176 WEBSTER ST #2,EAST BOSTON MA
135,104084000,C,28 GENEVA ST,EAST BOSTON MA
136,104162000,C,40 EVERETT ST,EAST BOSTON MA
137,104196100,C,222 EVERETT ST,EAST BOSTON MA
138,104196100,C,222 EVERETT ST,EAST BOSTON MA
139,104279000,C,92 MOORE ST,EAST BOSTON MA
140,104374010,C,951 BENNINGTON ST,EAST BOSTON MA
141,104387003,C,RICE ST,EAST BOSTON MA
142,104399000,C,61 BAYSWATER,EAST BOSTON MA
143,104414000,C,2 JEFFRIES,EAST BOSTON MA
144,104415000,C,2 JEFFRIES ST BOX 444,EAST BOSTON MA
145,104420000,C,565 SUMNER,EAST BOSTON MA
146,104445000,C,256 MARGINAL ST,EAST BOSTON MA
147,104445000,C,256 MARGINAL ST,EAST BOSTON MA
148,104445000,C,256 MARGINAL ST,EAST BOSTON MA
149,104445000,C,256 MARGINAL ST,EAST BOSTON MA
150,104445000,C,256 MARGINAL ST,EAST BOSTON MA
151,104445000,C,256 MARGINAL ST,EAST BOSTON MA
152,104445000,C,256 MARGINAL ST,EAST BOSTON MA
153,104445000,C,256 MARGINAL ST,EAST BOSTON MA
154,104445000,C,256 MARGINAL ST,EAST BOSTON MA
155,104445000,C,256 MARGINAL ST,EAST BOSTON MA
156,104581000,RC,142 MARGINAL ST,EAST BOSTON MA
157,104785000,RC,72 MARGINAL ST,EAST BOSTON MA
158,104804000,RC,358 SUMNER ST ,EAST BOSTON MA
159,104868000,RC,291 SUMNER ST,EAST BOSTON MA
160,104896000,RC,36 COTTAGE ST,EAST BOSTON MA
161,104898000,C,64 COTTAGE ST,EAST BOSTON MA
162,104900000,C,37 BAYSWATER ST,EAST BOSTON MA
163,104989000,RC,149 EVERETT ST,EAST BOSTON MA
164,105067000,C,199 EVERETT ST,EAST BOSTON MA
165,105162000,C,389 MAVERICK ST,EAST BOSTON MA
166,105206000,C,317 MAVERICK ST,EAST BOSTON MA
167,105265000,C,261 MAVERICK ST,EAST BOSTON MA
168,105266000,C,222 EVERETT ST,EAST BOSTON MA
169,105281000,RC,88 COTTAGE,EAST BOSTON MA
170,105282000,RC,88 COTTAGE,EAST BOSTON MA
171,105314000,C,207 MAVERICK ST,EAST BOSTON MA
172,105346000,C,320 MCCLELLAN HWY,EAST BOSTON MA
173,105363000,RC,10 BREMEN ST,EAST BOSTON MA
174,105364000,RC,224-236 SUNMER ST,EAST BOSTON MA
175,105364000,RC,224-236 SUNMER ST,EAST BOSTON MA
176,105366002,C,5 MAVERICK SQ,EAST BOSTON MA
177,105367000,C,17 23 MAVERICK SQ,EAST BOSTON MA
178,105370000,RC,37 MAVERICK SQ,EAST BOSTON MA
179,105378000,RC,21 BARNES AVENUE,EAST BOSTON MA
180,105391000,RC,20 ORLEANS ST,EAST BOSTON MA
181,105412002,RC,72 MARGINAL ST,EAST BOSTON MA
182,105415000,C,1222 BENNINGTON ST,EAST BOSTON MA
183,105417000,RC,103 CLAYTON ST,DORCHESTER MA
184,105419000,C,160 LIVERPOOL,EAST BOSTON MA
185,105424000,C,129 BORDER ST &,EAST BOSTON MA
186,105425000,RC,150 LIVERPOOL ST APT 7,EAST BOSTON MA
187,105428000,RC,157 COLERIDGE ST,EAST BOSTON MA
188,105431000,C,444 SUMNER ST,EAST BOSTON MA
189,105433000,RC,PO BOX 14,EAST BOSTON MA
190,105434000,RC,PO BOX 14,EAST BOSTON MA
191,105435000,RC,PO BOX 14,EAST BOSTON MA
192,105436000,RC,PO BOX 14,EAST BOSTON MA
193,105437000,RC,PO BOX 14,EAST BOSTON MA
194,105463000,C,PO BOX 14,EAST BOSTON MA
195,105468000,RC,100 MERIDIAN ST,EAST BOSTON MA
196,105469000,RC,100 MERIDIAN ST,EAST BOSTON MA
197,105485000,C,PO BOX 454 &,EAST BOSTON MA
198,105575000,RC,67 BRANDWINE DR,EAST BOSTON MA
199,105590100,RC,143 BORDER ST,EAST BOSTON MA
200,105653050,RC,182 SUMNER ST,EAST BOSTON MA
201,105666000,RC,21 BARNES AV,EAST BOSTON MA
202,105669000,C,127 MAVERICK ST,EAST BOSTON MA
203,105670005,C,40 MAVERICK SQ,EAST BOSTON MA
204,105670010,C,36-38 MAVERICK SQ,EAST BOSTON MA
205,105675000,C,10 MERIDIAN,EAST BOSTON MA
206,105679000,C,3 MERIDIAN,EAST BOSTON MA
207,105680000,C,3 MERIDIAN ST,EAST BOSTON MA
208,105681000,C,3 MERIDIAN ST,EAST BOSTON MA
209,105682000,RC,9 MERIDIAN ST,EAST BOSTON MA
210,105684000,RC,429 SARATOGA ST &,EAST BOSTON MA
211,105686000,C,23 MERIDIAN ST,EAST BOSTON MA
212,105695000,RC,88 PUTNAM ST,EAST BOSTON MA
213,105705000,RC,24 CHELSEA ST,EAST BOSTON MA
214,105742000,C,79 MERIDIAN STREET,EAST BOSTON MA
215,105744000,RC,72 MARGINAL ST,EAST BOSTON MA
216,105794000,RC,88 CHELSEA ST,EAST BOSTON MA
217,105869000,RC,129 LONDON ST,EAST BOSTON MA
218,105898000,RC,143 MERIDIAN ST,EAST BOSTON MA
219,105901000,RC,264 BREMEN ST,EAST BOSTON MA
220,105908000,RC,9 CENTRAL SQ,EAST BOSTON MA
221,105910000,RC,1216 BENNINGTON ST,EAST BOSTON MA
222,105911000,RC,1216 BENNINGTON ST,EAST BOSTON MA
223,105932000,RC,290 MERIDIAN ST,EAST BOSTON MA
224,105934000,RC,1216 BENNINGTON ST,EAST BOSTON MA
225,105956000,RC,23 BAYSWATER ST,EAST BOSTON MA
226,105957000,RC,251 MERIDIAN ST,EAST BOSTON MA
227,105958000,RC,PO BOX 112,EAST BOSTON MA
228,105960000,RC,72 MARGINAL ST,EAST BOSTON MA
229,105961000,RC,269 MERIDIAN ST,EAST BOSTON MA
230,106000000,C,8 SARATOGA ST,EAST BOSTON MA
231,106042000,RC,76 BENNINGTON ST,EAST BOSTON MA
232,106046000,C,66 BENNINGTON ST,EAST BOSTON MA
233,106051000,RC,56 BENNINGTON ST,EAST BOSTON MA
234,106054000,C,1222 BENNINGTON STREET,EAST BOSTON MA
235,106056000,RC,182 ORIENT AV,EAST BOSTON MA
236,106074000,RC,30 PORTER,EAST BOSTON MA
237,106076000,RC,26 PORTER ST,EAST BOSTON MA
238,106078000,C,22 PORTER ST,EAST BOSTON MA
239,106080000,C,PO BOX 111,EAST BOSTON MA
240,106080001,C,11 BENNINGTON ST,EAST BOSTON MA
241,106083000,RC,21 BENNINGTON ST #1,EAST BOSTON MA
242,106086000,RC,21 BENNINGTON ST #1,EAST BOSTON MA
243,106087000,RC,21 BENNINGTON ST #1,EAST BOSTON MA
244,106088000,RC,182 ORIENT AV,EAST BOSTON MA
245,106091000,RC,41 BENNINGTON,EAST BOSTON MA
246,106092000,RC,43 BENNINGTON ST APT 2,EAST BOSTON MA
247,106093000,RC,45 BENNINGTON ST,EAST BOSTON MA
248,106097000,RC,53 BENNINGTON ST,EAST BOSTON MA
249,106100000,RC,61 BENNINGTON ST ,EAST BOSTON MA
250,106101000,C,67 BENNINGTON ST,EAST BOSTON MA
251,106102000,RC,73 BENNINGTON ST,EAST BOSTON MA
252,106103000,RC,73 BENNINGTON ST,EAST BOSTON MA
253,106178000,C,217 LONDON,EAST BOSTON MA
254,106179000,C,217 LONDON,EAST BOSTON MA
255,106182000,RC,225 LONDON ST,EAST BOSTON MA
256,106216000,RC,129 BORDER ST,EAST BOSTON MA
257,106276000,RC,152 CHELSEA ST,EAST BOSTON MA
258,106313100,C,72 MARGINAL ST,EAST BOSTON MA
259,106369000,RC,238 CHELSEA ST &,EAST BOSTON MA
260,106370000,RC,232 CHELSEA ST,EAST BOSTON MA
261,106391000,RC,440 SARATOGA ST,EAST BOSTON MA
262,106413000,RC,44 BROOKS ST,EAST BOSTON MA
263,106446000,C,125 PUTNAM ST,EAST BOSTON MA
264,106462000,RC,198 MARION STREET,EAST BOSTON MA
265,106484000,RC,297 HAVRE ST,EAST BOSTON MA
266,106497000,RC,188 MARION ST ,EAST BOSTON MA
267,106505000,C,206 PARIS ST,EAST BOSTON MA
268,106528001,RC,113 SARATOGA,EAST BOSTON MA
269,106569000,RC,136 BENNINGTON ST,EAST BOSTON MA
270,106570000,RC,132 BENNINGTON ST,EAST BOSTON MA
271,106674000,RC,133 PUTNAM ST,EAST BOSTON MA
272,106739000,RC,192 BENNINGTON ST,EAST BOSTON MA
273,106826000,RC,274 CHELSEA,EAST BOSTON MA
274,106849000,RC,12 ORIENT AV #2,EAST BOSTON MA
275,106888000,C,2 BROOKS ST,EAST BOSTON MA
276,106905000,RC,282 BENNINGTON ST,EAST BOSTON MA
277,106921000,C,154 ST ANDREW RD,EAST BOSTON MA
278,106950000,RC,211 BENNINGTON ST,EAST BOSTON MA
279,107001000,RC,202 BENNINGTON ST,EAST BOSTON MA
280,302161000,RC,72 MARGINAL ST,EAST BOSTON MA
281,302406000,C,8 MONTMORENCI AV,EAST BOSTON MA
282,302407000,C,8 MONTMORENCI AV,EAST BOSTON MA
283,304935000,RC,11 ST MARGARET ST,DORCHESTER MA
284,402526000,RC,PO BOX 191818,ROXBURY MA
285,500068020,C,103 CLAYTON ST,DORCHESTER MA
286,600465000,RC,201R SAVIN HILL AV,DORCHESTER MA
287,601153000,RC,832 DORCHESTER AVE,DORCHESTER MA
288,601894000,C,540 GALLIVAN BLVD,DORCHESTER MA
289,601965000,RC,2281 DORCHESTER AV,DORCHESTER MA
290,602303000,RC,841 MORTON ST,MATTAPAN MA
291,604377000,C,103 CLAYTON ST,DORCHESTER MA
292,700027000,C,540 GALLIVAN BLVD,DORCHESTER MA
293,700259000,C,832 DORCHESTER AV,DORCHESTER MA
294,702728010,C,33 LOCUST ST,DORCHESTER MA
295,702736000,C,70 VON HILLERN,DORCHESTER MA
296,702737000,C,71 VON HILLERN,DORCHESTER MA
297,702762000,RC,850 DORCHESTER AV,DORCHESTER MA
298,702764000,RC,832 DORCHESTER AV,DORCHESTER MA
299,702766000,RC,832 DORCHESTER AVE,DORCHESTER MA
300,702769000,RC,832 DORCHESTER AV,DORCHESTER MA
301,702774000,RC,808 DORCHESTER AV,DORCHESTER MA
302,702792000,C,33 LOCUST ST,DORCHESTER MA
303,702901000,C,799 COLUMBIA RD #1,DORCHESTER MA
304,702950000,C,256 BOSTON ST,DORCHESTER MA
305,703029000,C,1 MOUNT VERNON,DORCHESTER MA
306,703073000,RC,10 DAVITT ST,DORCHESTER MA
307,703075000,RC,151 SYDNEY ST,DORCHESTER MA
308,703092000,RC,845 DORCHESTER AVE,DORCHESTER MA
309,703094000,RC,835 DORCHESTER AV,DORCHESTER MA
310,703097000,RC,847 DORCHESTER AV,DORCHESTER MA
311,703185000,RC,779 DORCHESTER AV,DORCHESTER MA
312,703204000,RC,160 BOSTON ST,DORCHESTER MA
313,703287000,RC,120 BOSTON ST,DORCHESTER MA
314,703288000,C,116 BOSTON ST,DORCHESTER MA
315,703352000,C,82 BOSTON,DORCHESTER MA
316,703383000,C,18 RITA RD,DORCHESTER MA
317,703434000,C,99 BOSTON ST,DORCHESTER MA
318,703450001,C,24 WEST BELLFLOWER,DORCHESTER MA
319,703512000,C,1180 MASSACHUSETTS AV,DORCHESTER MA
320,703529000,C,209 BOSTON ST,DORCHESTER MA
321,703551000,C,16-24 CLAPP ST,DORCHESTER MA
322,703575000,C,1252 MASSACHUSETTS AVE,DORCHESTER MA
323,703577010,C,1240 MASSACHUSETTS AV,DORCHESTER MA
324,703582000,C,1240 MASSACHUSETTS AV,DORCHESTER MA
325,703591000,RC,594 COLUMBIA RD,DORCHESTER MA
326,703592000,RC,594 COLUMBIA RD,DORCHESTER MA
327,703593000,RC,594 COLUMBIA RD,DORCHESTER MA
328,703594000,RC,594 COLUMBIA RD,DORCHESTER MA
329,703605000,C,322 NORFOLK AVE,DORCHESTER MA
330,703605000,C,322 NORFOLK AVE,DORCHESTER MA
331,703606000,RC,320 NORFOLK AVE,DORCHESTER MA
332,703628000,C,832 DORCHESTER AV,DORCHESTER MA
333,703645000,C,99 E COTTAGE ST,DORCHESTER MA
334,703646000,C,99 E COTTAGE ST,DORCHESTER MA
335,703716000,RC,688 COLUMBIA RD,DORCHESTER MA
336,703717000,RC,688 COLUMBIA RD,DORCHESTER MA
337,703732000,C,6 HUMPHREYS ST,DORCHESTER MA
338,703847000,C,750 DUDLEY ST,DORCHESTER MA
339,703920000,RC,740 DUDLEY ST,DORCHESTER MA
340,703926000,RC,594 COLUMBIA RD,DORCHESTER MA
341,704000000,C,617 COLUMBIA RD,DORCHESTER MA
342,704039000,C,679 COLUMBIA RD # 1,DORCHESTER MA
343,800176000,RC,524 DUDLEY,ROXBURY MA
344,800207000,RC,P O BOX 191801,ROXBURY MA
345,800207000,RC,P O BOX 191801,ROXBURY MA
346,800207000,RC,P O BOX 191801,ROXBURY MA
347,800209001,C,504 DUDLEY ST,ROXBURY MA
348,800268000,C,79 SHIRLEY,ROXBURY MA
349,800274000,C,79 SHIRLEY,ROXBURY MA
350,800304000,C,135 EUSTIS ST,ROXBURY MA
351,800420000,RC,671 COLUMBIA RD,DORCHESTER MA
352,800421000,RC,8 FOLSOM ST,DORCHESTER MA
353,800455000,C,143 SHIRLEY ST,ROXBURY MA
354,800458000,C,176 NORFOLK AVE,ROXBURY MA
355,800485000,RC,69 PROCTOR ST,ROXBURY MA
356,800485000,RC,69 PROCTOR ST,ROXBURY MA
357,800496000,C,65 ALLERTON ST,ROXBURY MA
358,800541000,C,2499 WASHINGTON ST,ROXBURY MA
359,800566001,C,47 LANGDON SR,ROXBURY MA
360,800568000,C,94 SHIRLEY,ROXBURY MA
361,800569000,C,94 SHIRLEY ST,ROXBURY MA
362,800627000,C,438 DUDLEY ST,ROXBURY MA
363,800900050,C,150 MOUNT VERNON ST SUITE 50,DORCHESTER MA
364,800900050,C,150 MOUNT VERNON ST SUITE 50,DORCHESTER MA
365,800910000,C,13 GERARD ST,ROXBURY MA
366,800933001,C,65 GERARD ST,ROXBURY MA
367,800939000,C,124 NORFOLK AVE,ROXBURY MA
368,800940000,C,87 KEMBLE ST,ROXBURY MA
369,800949000,C,70 KEMBLE ST,ROXBURY MA
370,800951000,C,82 GERARD ST,ROXBURY MA
371,800951000,C,82 GERARD ST,ROXBURY MA
372,800958000,C,82 GERARD ST,ROXBURY MA
373,800962000,C,65 ALLERTON ST,ROXBURY MA
374,800976000,C,28 ALLERTON ST#,ROXBURY MA
375,801016000,C,895 MASSACHUSETTS AV,ROXBURY MA
376,802062000,C,PO BOX 191490,ROXBURY MA
377,802281000,C,258 DUDLEY ST,ROXBURY MA
378,802480000,C,103 CLAYTON ST,DORCHESTER MA
379,802512000,C,810 PARKER ST,ROXBURY MA
380,802519000,C,194 DUDLEY ST,ROXBURY MA
381,802555000,RC,217 HARVARD ST,DORCHESTER MA
382,802556020,C,217 HARVARD ST,DORCHESTER MA
383,802636000,RC,305 DUDLEY ST,ROXBURY MA
384,802723000,RC,67 KEMBLE ST,ROXBURY MA
385,802725000,RC,67 KEMBLE ST,ROXBURY MA
386,802726010,RC,67 KEMBLE ST,ROXBURY MA
387,802790000,C,207 HILLSIDE ST,ROXBURY MA
388,802790030,C,13 BLUE HILL AV,ROXBURY MA
389,802847000,C,24 BLUE HILL AV,ROXBURY MA
390,802848000,C,24 BLUE HILL AV,ROXBURY MA
391,802857000,C,24 BLUE HILL AV,ROXBURY MA
392,802909000,RC,64 BLUE HILL AV,ROXBURY MA
393,802933000,RC,832 DORCHESTER AV,DORCHESTER MA
394,802982000,RC,108 BLUE HILL AV,ROXBURY MA
395,802992000,RC,84 BLUE HILL AVE,ROXBURY MA
396,803001000,C,197 HAMILTON ST,DORCHESTER MA
397,803002000,C,197 HAMILTON ST,DORCHESTER MA
398,803003000,C,197 HAMILTON ST,DORCHESTER MA
399,803131000,C,103 CLAYTON ST,DORCHESTER MA
400,803147000,C,105 GEORGE ST #4,ROXBURY MA
401,803148000,C,517 DUDLEY ST,ROXBURY MA
402,803149000,RC,517 DUDLEY ST,ROXBURY MA
403,900338000,RC,815 GALLIVAN BLVD,DORCHESTER MA
404,900630000,RC,17 WOODWORTH STREET,DORCHESTER MA
405,900631000,RC,17 WOODWORTH STREET,DORCHESTER MA
406,900632000,RC,17 WOODWORTH STREET,DORCHESTER MA
407,901005000,RC,P O BOX 191818,ROXBURY MA
408,901352010,C,1135 TREMONT ST,ROXBURY MA
409,901507000,RC,616 SHAWMUT AV,ROXBURY MA
410,902100010,C,450 MELNEA CASS BL ,ROXBURY MA
411,902126010,RC,184 DUDLEY ST #400,ROXBURY MA
412,902134000,RC,716 SHAWMUT AVE,ROXBURY MA
413,902441001,C,724 SHAWMUT AVE ,ROXBURY MA
414,902479000,C,2219 WASHINGTON,ROXBURY MA
415,902933000,C,54 FOREST ST,ROXBURY MA
416,903133000,C,451 BLUE HILL AV STE 4,DORCHESTER MA
417,903154000,C,197 HAMILTON STREET,DORCHESTER MA
418,903155000,C,2371 WASHINGTON ST,ROXBURY MA
419,903157000,C,2385 WASHINGTON ST,ROXBURY MA
420,903168010,RC,15 ALLERTON ST,ROXBURY MA
421,903182000,C,2499 WASHINGTON ST,ROXBURY MA
422,903237000,RC,810 PARKER ST,ROXBURY MA
423,903243000,C,PO BOX 255729,DORCHESTER MA
424,903432001,RC,291 ROXBURY ST,ROXBURY MA
425,903445000,C,1 CENTRE,ROXBURY MA
426,903778000,C,2665 WASHINGTON ST,ROXBURY MA
427,1000082000,RC,1607 TREMONT ST #1,ROXBURY MA
428,1000107000,C,134 SMITH ST,ROXBURY MA
429,1000375000,C,100 TERRACE ST,ROXBURY MA
430,1000389000,C,30 TERRACE ST,ROXBURY MA
431,1000390000,C,22 TERRACE ST,ROXBURY MA
432,1000502000,RC,739-741 PARKER ST,ROXBURY MA
433,1000554000,RC,1607 TREMONT AST #1,ROXBURY MA
434,1000555000,RC,1524 TREMONT ST,ROXBURY MA
435,1000651000,RC,1592 TREMONT ST,ROXBURY MA
436,1000652000,C,1586 TREMONT ST,ROXBURY MA
437,1000664000,RC,1570 TREMONT ST,ROXBURY MA
438,1000671000,RC,810 PARKER ST,ROXBURY MA
439,1000672000,RC,1562 TREMONT ST,ROXBURY MA
440,1001213000,C,91 PARKER HILL AV,ROXBURY MA
441,1001590000,RC,832 DORCHESTER AV,DORCHESTER MA
442,1001591000,RC,832 DORCHESTER AV,DORCHESTER MA
443,1001592000,RC,832 DORCHESTER AV,DORCHESTER MA
444,1001593000,RC,832 DORCHESTER AV,DORCHESTER MA
445,1100362000,RC,PO BOX 1,ROXBURY MA
446,1100386000,RC,195 ASHMONT ST # B1,DORCHESTER MA
447,1100562000,RC,1 MULVEY TE,ROXBURY MA
448,1100832000,RC,80 MARCELLA ST,ROXBURY MA
449,1100963000,RC,2985 WASHINGTON ST,ROXBURY MA
450,1100964000,RC,2985 WASHINGTON ST,ROXBURY MA
451,1100972000,RC,PO BOX 115,DORCHESTER MA
452,1101082000,RC,1903 COLUMBUS AV,ROXBURY MA
453,1101129000,RC,2985 WASHINGTON ST,ROXBURY MA
454,1101182000,C,1542 COLUMBUS AV,ROXBURY MA
455,1101183000,C,1542 COLUMBUS AVE SUITE 2,ROXBURY MA
456,1101282000,RC,2010 COLUMBUS AV,ROXBURY MA
457,1101282001,C,3093 3099 WASHINGTON ST,ROXBURY MA
458,1101533000,C,3114 WASHINGTON,ROXBURY MA
459,1101535000,C,3096-3104 WASHINGTON ST,ROXBURY MA
460,1101536000,C,3100 WASHINGTON ST,ROXBURY MA
461,1101537000,C,3100 WASHINGTON ST,ROXBURY MA
462,1101538000,C,3086 WASHINGTON ST,ROXBURY MA
463,1101539000,RC,1971 COLUMBUS AV,ROXBURY MA
464,1101666000,C,66 WALNUT PK,ROXBURY MA
465,1200001000,C,62 78 WARREN ST,ROXBURY MA
466,1200010000,C,810 PARKER ST,ROXBURY MA
467,1200077000,C,26 VINSON ST,DORCHESTER MA
468,1200077000,C,26 VINSON ST,DORCHESTER MA
469,1200077000,C,26 VINSON ST,DORCHESTER MA
470,1200109000,C,14 MORLEY ST,ROXBURY MA
471,1200148000,RC,196 WARREN,ROXBURY MA
472,1200149000,RC,40 DUDLEY ST,ROXBURY MA
473,1200150000,RC,40 DUDLEY ST,ROXBURY MA
474,1200152000,C,188 WARREN ST,ROXBURY MA
475,1200183000,RC,150 WARREN ST,ROXBURY MA
476,1200380000,C,67 BLUE HILL AVE,ROXBURY MA
477,1200411000,RC,125 BLUE HILL AV,ROXBURY MA
478,1200467000,C,153 BLUE HILL AVE,ROXBURY MA
479,1200468000,C,157-159 BLUE HILL AVE,ROXBURY MA
480,1200469000,C,8 DANUBE ST,DORCHESTER MA
481,1200491004,C,1 JOHN ELIOT SQ,ROXBURY MA
482,1200668000,RC,89 WALNUT AV,ROXBURY MA
483,1200776000,RC,68 HAROLD ST,ROXBURY MA
484,1200779000,RC,68 HAROLD ST,ROXBURY MA
485,1200780000,RC,68 HAROLD ST,ROXBURY MA
486,1200803000,C,73 CLIFFORD ST,ROXBURY MA
487,1200834000,C,344- 348 WARREN ST,ROXBURY MA
488,1200836000,RC,334 WARREN ST,ROXBURY MA
489,1200895000,RC,9 CHAMBLET ST,DORCHESTER MA
490,1200905000,C,368 WARREN ST,ROXBURY MA
491,1200921000,RC,56 WARREN ST SUITE #200,ROXBURY MA
492,1200967000,C,103 CLAYTON ST,DORCHESTER MA
493,1201139000,C,330 MARTIN LUTHER KING BLVD,ROXBURY MA
494,1201139000,C,330 MARTIN LUTHER KING BLVD,ROXBURY MA
495,1201139000,C,330 MARTIN LUTHER KING BLVD,ROXBURY MA
496,1202021000,C,136 ROSSETTER ST,DORCHESTER MA
497,1202098000,C,507 WARREN ST,DORCHESTER MA
498,1202099000,RC,2 WAUMBECK ST,DORCHESTER MA
499,1202220000,RC,246 HUMBOLDT AV,DORCHESTER MA
500,1202220000,RC,246 HUMBOLDT AV,DORCHESTER MA
501,1202220000,RC,246 HUMBOLDT AV,DORCHESTER MA
502,1202220000,RC,246 HUMBOLDT AV,DORCHESTER MA
503,1202220000,RC,246 HUMBOLDT AV,DORCHESTER MA
504,1202220000,RC,246 HUMBOLDT AV,DORCHESTER MA
505,1202263000,RC,246 HUMBOLDT AV,DORCHESTER MA
506,1202269000,RC,246 HUMBOLDT AV,DORCHESTER MA
507,1202271000,RC,246 HUMBOLDT AV,DORCHESTER MA
508,1202277000,RC,246 HUMBOLDT AV,DORCHESTER MA
509,1202327000,RC,246 HUMBOLDT AV,DORCHESTER MA
510,1202327000,RC,246 HUMBOLDT AV,DORCHESTER MA
511,1202327000,RC,246 HUMBOLDT AV,DORCHESTER MA
512,1202327000,RC,246 HUMBOLDT AV,DORCHESTER MA
513,1202327000,RC,246 HUMBOLDT AV,DORCHESTER MA
514,1202327000,RC,246 HUMBOLDT AV,DORCHESTER MA
515,1202327000,RC,246 HUMBOLDT AV,DORCHESTER MA
516,1202327000,RC,246 HUMBOLDT AV,DORCHESTER MA
517,1202327000,RC,246 HUMBOLDT AV,DORCHESTER MA
518,1202327000,RC,246 HUMBOLDT AV,DORCHESTER MA
519,1202329000,RC,246 HUMBOLDT AV,DORCHESTER MA
520,1202339000,RC,246 HUMBOLDT AV,DORCHESTER MA
521,1202340000,RC,246 HUMBOLDT AV,DORCHESTER MA
522,1202341000,RC,246 HUMBOLDT AV,DORCHESTER MA
523,1202343000,RC,246 HUMBOLDT AV,DORCHESTER MA
524,1202348000,RC,246 HUMBOLDT AV,DORCHESTER MA
525,1202349000,RC,246 HUMBOLDT AV,DORCHESTER MA
526,1202350000,RC,246 HUMBOLDT AV,DORCHESTER MA
527,1202351000,RC,246 HUMBOLDT AV,DORCHESTER MA
528,1202453000,C,10 MALCOM X BLVD,ROXBURY MA
529,1202531000,RC,477 BLUE HILL AVE,DORCHESTER MA
530,1202532001,RC,7 CHENEY ST ,DORCHESTER MA
531,1202622000,C,451 BLUE HILL AV STE 4,DORCHESTER MA
532,1202623000,C,451 BLUE HILL AVE #4,DORCHESTER MA
533,1202630000,C,415 BLUE HILL AV,DORCHESTER MA
534,1202641000,RC,576 WARREN ST,DORCHESTER MA
535,1202666000,RC,1773 DORCHESTER AV,DORCHESTER MA
536,1202667000,RC,1773 DORCHESTER AV,DORCHESTER MA
537,1202668000,RC,375A BLUE HILL AV,DORCHESTER MA
538,1202669000,RC,379 BLUE HILL AV,DORCHESTER MA
539,1202670000,RC,383 BLUE HILL AV,DORCHESTER MA
540,1202671000,RC,387 BLUE HILL AV,ROXBURY MA
541,1202710000,C,530 WARREN ST,DORCHESTER MA
542,1202747000,C,2 WAUMBECK ST,DORCHESTER MA
543,1202785000,C,530 WARREN ST,DORCHESTER MA
544,1202800000,RC,504 WARREN ST,DORCHESTER MA
545,1202965000,RC,402 WARREN ST,ROXBURY MA
546,1203194000,RC,171 HUMBOLDT AVE,DORCHESTER MA
547,1203221000,C,157 HUMBOLDT AVE,DORCHESTER MA
548,1203415000,RC,95 HUMBOLDT AV,DORCHESTER MA
549,1300012000,RC,561 DUDLEY ST,DORCHESTER MA
550,1300012000,RC,561 DUDLEY ST,DORCHESTER MA
551,1300382000,C,156-160 BLUE HILL AV,ROXBURY MA
552,1300383000,C,156-160 BLUE HILL AV,ROXBURY MA
553,1300405000,RC,14 NAZING ST,DORCHESTER MA
554,1300406000,RC,14 NAZING ST,DORCHESTER MA
555,1300423010,RC,344 TALBOT AVE SUITE 204,DORCHESTER MA
556,1300423020,RC,344 TALBOT AVE SUITE 204,DORCHESTER MA
557,1300426000,C,50 WOODBINE,DORCHESTER MA
558,1300680000,RC,9 EASTMAN ST,DORCHESTER MA
559,1300723020,RC,56 WARREN ST STE 200 ,ROXBURY MA
560,1300724001,C,274 BLUE HILL AV,ROXBURY MA
561,1300725000,C,270 BLUE HILL AVE,ROXBURY MA
562,1300834000,RC,80 EVAN ST,DORCHESTER MA
563,1300834000,RC,80 EVAN ST,DORCHESTER MA
564,1300942000,RC,234 QUINCY ST,DORCHESTER MA
565,1301288000,C,737-747 DUDLEY STREET,DORCHESTER MA
566,1301335000,C,745 DUDLEY ST,DORCHESTER MA
567,1301336000,C,745 DUDLEY ST,DORCHESTER MA
568,1301339000,RC,578 COLUMBIA RD,DORCHESTER MA
569,1301339000,RC,578 COLUMBIA RD,DORCHESTER MA
570,1301340000,C,504 DUDLEY ST,ROXBURY MA
571,1301342000,C,504 DUDLEY ST,ROXBURY MA
572,1301356000,C,7 STOUGHTON ST,DORCHESTER MA
573,1301489000,C,286 WALNUT AVE,ROXBURY MA
574,1301740000,C,8-12 HANCOCK ST,DORCHESTER MA
575,1301742002,C,500 COLUMBIA RD,DORCHESTER MA
576,1301980000,RC,971 DORCHESTER AV,DORCHESTER MA
577,1301984000,RC,983 DORCHESTER AVE,DORCHESTER MA
578,1302016000,C,985 DORCHESTER AV ,DORCHESTER MA
579,1302022000,RC,1005 DORCHESTER AV,DORCHESTER MA
580,1302022020,RC,1005 DORCHESTER AV,DORCHESTER MA
581,1302111000,RC,1073 DORCHESTER AV,DORCHESTER MA
582,1302124000,C,64 PLEASANT ST,DORCHESTER MA
583,1302174000,C,1099 DORCHESTER AV,DORCHESTER MA
584,1302216000,RC,105 SAVIN HILL AVE,DORCHESTER MA
585,1302238002,C,100 PLAYSTEAD RD,DORCHESTER MA
586,1302619000,RC,109 SAVIN HILL AVE,DORCHESTER MA
587,1302619001,RC,109 SAVIN HILL AVENUE,DORCHESTER MA
588,1302786000,RC,35 SYDNEY ST #1,DORCHESTER MA
589,1302814000,C,44-58 SAVIN HILL AV,DORCHESTER MA
590,1302824000,RC,1086-1088 DORCHESTER AVE,DORCHESTER MA
591,1302826000,C,80 NEPONSET AV,DORCHESTER MA
592,1302839000,C,1068 DORCHESTER AV,DORCHESTER MA
593,1302849000,C,1050 DORCHESTER AVE,DORCHESTER MA
594,1302905000,RC,1020 DORCHESTER AV,DORCHESTER MA
595,1302952000,RC,1002 DORCHESTER AVE,DORCHESTER MA
596,1303043000,C,982 DORCHESTER AV,DORCHESTER MA
597,1303156000,C,230 SAVIN HILL AV,DORCHESTER MA
598,1303232000,C,936 DORCHESTER AV,DORCHESTER MA
599,1303234000,RC,930-932 DORCHESTER AVE ,DORCHESTER MA
600,1303239000,RC,920 DORCHESTER AVE,DORCHESTER MA
601,1303239000,RC,920 DORCHESTER AVE,DORCHESTER MA
602,1303244000,RC,908 DORCHESTER AV,DORCHESTER MA
603,1303245000,RC,22 AUCKLAND STREET,DORCHESTER MA
604,1303246000,C,902 DORCHESTER AV,DORCHESTER MA
605,1303312000,C,839 COLUMBIA RD,DORCHESTER MA
606,1303324000,C,82 CRESCENT AV,DORCHESTER MA
607,1303324000,C,82 CRESCENT AV,DORCHESTER MA
608,1303392000,C,400 WM T MORRISSEY BL,DORCHESTER MA
609,1303445000,RC,1 HARBOR POINT BL,DORCHESTER MA
610,1303445000,RC,1 HARBOR POINT BL,DORCHESTER MA
611,1303445000,RC,1 HARBOR POINT BL,DORCHESTER MA
612,1303445000,RC,1 HARBOR POINT BL,DORCHESTER MA
613,1303445000,RC,1 HARBOR POINT BL,DORCHESTER MA
614,1303445000,RC,1 HARBOR POINT BL,DORCHESTER MA
615,1303445000,RC,1 HARBOR POINT BL,DORCHESTER MA
616,1303445000,RC,1 HARBOR POINT BL,DORCHESTER MA
617,1303445000,RC,1 HARBOR POINT BL,DORCHESTER MA
618,1303445000,RC,1 HARBOR POINT BL,DORCHESTER MA
619,1303445000,RC,1 HARBOR POINT BL,DORCHESTER MA
620,1303445000,RC,1 HARBOR POINT BL,DORCHESTER MA
621,1303445000,RC,1 HARBOR POINT BL,DORCHESTER MA
622,1303445000,RC,1 HARBOR POINT BL,DORCHESTER MA
623,1303445000,RC,1 HARBOR POINT BL,DORCHESTER MA
624,1303445000,RC,1 HARBOR POINT BL,DORCHESTER MA
625,1303445000,RC,1 HARBOR POINT BL,DORCHESTER MA
626,1303445000,RC,1 HARBOR POINT BL,DORCHESTER MA
627,1303445000,RC,1 HARBOR POINT BL,DORCHESTER MA
628,1303445000,RC,1 HARBOR POINT BL,DORCHESTER MA
629,1303445000,RC,1 HARBOR POINT BL,DORCHESTER MA
630,1303445000,RC,1 HARBOR POINT BL,DORCHESTER MA
631,1303445000,RC,1 HARBOR POINT BL,DORCHESTER MA
632,1303445000,RC,1 HARBOR POINT BL,DORCHESTER MA
633,1303445000,RC,1 HARBOR POINT BL,DORCHESTER MA
634,1303445000,RC,1 HARBOR POINT BL,DORCHESTER MA
635,1303445000,RC,1 HARBOR POINT BL,DORCHESTER MA
636,1303445000,RC,1 HARBOR POINT BL,DORCHESTER MA
637,1303445000,RC,1 HARBOR POINT BL,DORCHESTER MA
638,1303448050,C,150 MOUNT VERNON ST,DORCHESTER MA
639,1303448200,C,150 MOUNT VERNON ST #520,DORCHESTER MA
640,1303448300,C,180 MOUNT VERNON,DORCHESTER MA
641,1400061000,C,167 DEVON,DORCHESTER MA
642,1400061000,C,167 DEVON,DORCHESTER MA
643,1400061000,C,167 DEVON,DORCHESTER MA
644,1400110000,C,310 COLUMBIA RD,DORCHESTER MA
645,1400135000,C,253 QUINCY ST,DORCHESTER MA
646,1400247000,RC,320 BLUE HILL AV,DORCHESTER MA
647,1400248000,RC,322 BLUE HILL AVE,DORCHESTER MA
648,1400281000,RC,1058 ADAMS ST,DORCHESTER MA
649,1400283000,RC,336 BLUE HILL AV,ROXBURY MA
650,1400287000,RC,324 BLUE HILL AV ,DORCHESTER MA
651,1400501000,RC,388 BLUE HILL AV,DORCHESTER MA
652,1400502000,RC,386 BLUE HILL AVE,DORCHESTER MA
653,1400508000,RC,35 INTERVALE ST #,DORCHESTER MA
654,1400539000,C,5 CRESTON ST,DORCHESTER MA
655,1400626000,C,220 COLUMBIA RD,DORCHESTER MA
656,1400627000,C,212 COLUMBIA RD,DORCHESTER MA
657,1400696000,C,186 COLUMBIA RD,DORCHESTER MA
658,1400708000,RC,166 COLUMBIA RD,DORCHESTER MA
659,1400721000,C,10 WASHINGTON ST,DORCHESTER MA
660,1400723000,C,21 GENEVA AVE,DORCHESTER MA
661,1400738000,C,46 WASHINGTON ST,DORCHESTER MA
662,1400752001,C,P.O BOX 123,DORCHESTER MA
663,1400777000,C,482 A478 BLUE HILL AV,DORCHESTER MA
664,1400809000,RC,195 ASHMONT ST STE B1,DORCHESTER MA
665,1400891000,RC,594 BLUE HILL AV,DORCHESTER MA
666,1400946001,C,61 COLUMBIA RD ,DORCHESTER MA
667,1400961000,C,100R WARREN ST,ROXBURY MA
668,1401033000,C,17 OAKLEY ST,DORCHESTER MA
669,1401092000,RC,344 TALBOT AVE SUITE 204,DORCHESTER MA
670,1401093000,RC,344 TALBOT AVE SUITE 204,DORCHESTER MA
671,1401200000,C,344 TALBOT AVE SUITE 204,DORCHESTER MA
672,1401201000,RC,200 WASHINGTON ST,DORCHESTER MA
673,1401420000,C,2 BOWDOIN ST,DORCHESTER MA
674,1401435000,C,28 ROCKDALE ST,MATTAPAN MA
675,1401436000,RC,291-295 WASHINGTON ST,DORCHESTER MA
676,1401441000,C,35 HOLBORN ST,MATTAPAN MA
677,1401446000,RC,345 WASHINGTON ST,DORCHESTER MA
678,1401470000,C,18 HARVARD AV,DORCHESTER MA
679,1401494000,C,53 H HARVARD ST,DORCHESTER MA
680,1401495000,RC,1 AINSLEY ST,DORCHESTER MA
681,1401562000,C,267 WASHINGTON ST,DORCHESTER MA
682,1401643000,C,185 HOWARD ST,DORCHESTER MA
683,1401837001,RC,2 ELLIS ST #B,ROXBURY MA
684,1401934000,C,780 BLUE HILL AV,DORCHESTER MA
685,1401935000,C,16 OAKHURST ST,DORCHESTER MA
686,1401983000,RC,100 HALLET ST STE 201,DORCHESTER MA
687,1401996000,C,868 BLUE HILL AV,DORCHESTER MA
688,1401997000,C,858 BLUE HILL AVE,DORCHESTER MA
689,1402002000,C,10 TALBOT AV,DORCHESTER MA
690,1402003000,C,43 AURIGA ST,DORCHESTER MA
691,1402006000,RC,224 HARVARD ST,DORCHESTER MA
692,1402026000,C,103 CLAYTON ST,DORCHESTER MA
693,1402027000,C,43 AURIGA ST,DORCHESTER MA
694,1402225000,C,14 SELDEN ST,DORCHESTER MA
695,1402286000,RC,2371 WASHINGTON ST ,ROXBURY MA
696,1402478002,C,231 CALLENDER ST,DORCHESTER MA
697,1402495000,RC,10 GLENWAY,DORCHESTER MA
698,1402495000,RC,10 GLENWAY,DORCHESTER MA
699,1402495000,RC,10 GLENWAY,DORCHESTER MA
700,1402731000,C,700 BLUE HILL AVE,DORCHESTER MA
701,1402956001,C,31 NAZING ST,DORCHESTER MA
702,1403132001,C,320 WASHINGTON ST,DORCHESTER MA
703,1403180000,C,1026 BLUE HILL AVE,DORCHESTER MA
704,1403198000,C,1050A BLUE HILL AV,DORCHESTER MA
705,1403252002,C,PO BOX 240539,DORCHESTER MA
706,1403261000,C,9 ANSEL RD,DORCHESTER MA
707,1403262000,C,1112 BLUE HILL AV,DORCHESTER MA
708,1403263000,C,9 ANSEL RD,DORCHESTER MA
709,1403264000,C,9 ANSEL RD,DORCHESTER MA
710,1403268000,C,9 ANSEL RD,DORCHESTER MA
711,1403842000,C,7 TIVERTON RD,MATTAPAN MA
712,1403849000,C,103 CLAYTON ST,DORCHESTER MA
713,1403853000,C,20 PEARL ST,DORCHESTER MA
714,1403910010,C,841 MORTON ST,MATTAPAN MA
715,1403944000,C,8 CROSSMAN ST,MATTAPAN MA
716,1403945000,C,8 CROSSMAN ST,MATTAPAN MA
717,1403979000,C,1216 BLUE HILL AV,MATTAPAN MA
718,1404126000,C,49 CLARKWOOD ST,MATTAPAN MA
719,1404149000,RC,20 EUSTIS ST,ROXBURY MA
720,1404154000,RC,52 EVELYN STREET,MATTAPAN MA
721,1404168000,C,1282 BLUE HILL AV,MATTAPAN MA
722,1404169000,C,1282 1282A BLUE HILL AV,MATTAPAN MA
723,1404170000,C,1280 BLUE HILL AV,MATTAPAN MA
724,1404262000,C,879 BLUE HILL AV,DORCHESTER MA
725,1404268000,RC,50 REDFIELD ST #105,DORCHESTER MA
726,1404269000,RC,50 REDFIELD ST #105,DORCHESTER MA
727,1404270000,RC,50 REDFIELD ST #105,DORCHESTER MA
728,1404271000,RC,50 REDFIELD ST #105,DORCHESTER MA
729,1404345000,C,324 HARVARD ST,DORCHESTER MA
730,1404403000,C,995 BLUE HILL AV ,DORCHESTER MA
731,1404403001,C,1007 BLUE HILL AV,DORCHESTER MA
732,1404409000,C,28 MATHER ST #,DORCHESTER MA
733,1404433000,C,1047 BLUE HILL AV,DORCHESTER MA
734,1404434000,C,1047 BLUE HILL AV,DORCHESTER MA
735,1404550000,C,1117 BLUE HILL AV,DORCHESTER MA
736,1404607000,C,1151 BLUE HILL AVE,DORCHESTER MA
737,1404609000,C,11 RHOADES ST,DORCHESTER MA
738,1404622000,C,4 TRENT ST,DORCHESTER MA
739,1404622000,C,4 TRENT ST,DORCHESTER MA
740,1404675000,RC,112 HOWLAND ST,DORCHESTER MA
741,1404718000,C,673 MORTON ST,MATTAPAN MA
742,1404725000,C,1187 BLUE HILL AVE,MATTAPAN MA
743,1404911000,RC,12 BANTON ST,DORCHESTER MA
744,1404912000,RC,12 BANTON ST,DORCHESTER MA
745,1405087000,RC,1333 BLUE HILL AVE,MATTAPAN MA
746,1500003000,C,60 CLAYTON ST,DORCHESTER MA
747,1500004001,C,54 CLAYTON ST ,DORCHESTER MA
748,1500017000,C,17 DICKENS ST,DORCHESTER MA
749,1500074000,C,PO BOX 220001,DORCHESTER MA
750,1500075000,C,PO BOX 220001,DORCHESTER MA
751,1500079000,C,1428 DORCHESTER AV,DORCHESTER MA
752,1500226000,RC,1 ARCADIA PL,DORCHESTER MA
753,1500255000,C,1362 DORCHESTER AV,DORCHESTER MA
754,1500273000,C,53 FREEPORT ST,DORCHESTER MA
755,1500274000,C,53 FREEPORT ST,DORCHESTER MA
756,1500287000,C,1334 DORCHESTER AV,DORCHESTER MA
757,1500294000,C,95-99 FREEPORT ST,DORCHESTER MA
758,1500312000,RC,1312 DORCHESTER AV,DORCHESTER MA
759,1500328000,RC,1334 DORCHESTER AV,DORCHESTER MA
760,1500332000,C,53 FREEPORT ST,DORCHESTER MA
761,1500333010,C,53 FREEPORT ST,DORCHESTER MA
762,1500336000,C,53 FREEPORT ST,DORCHESTER MA
763,1500339000,C,53 FREEPORT ST,DORCHESTER MA
764,1500339000,C,53 FREEPORT ST,DORCHESTER MA
765,1500342000,C,53 FREEPORT ST,DORCHESTER MA
766,1500472000,C,1305 DORCHESTER AV,DORCHESTER MA
767,1500472000,C,1305 DORCHESTER AV,DORCHESTER MA
768,1500476000,RC,80 NEPONSET AV,DORCHESTER MA
769,1500507001,C,1353 DORCHESTER AVE ,DORCHESTER MA
770,1500529000,RC,1395 DORCHESTER AV #2,DORCHESTER MA
771,1500529000,RC,1395 DORCHESTER AV #2,DORCHESTER MA
772,1500531000,RC,156 NEPONSET AVE,DORCHESTER MA
773,1500531001,RC,1407 DORCHESTER AV #2,DORCHESTER MA
774,1500532000,RC,1411 DORCHESTER AV,DORCHESTER MA
775,1500533000,C,1417-1427 DORCHESTER AVE,DORCHESTER MA
776,1500553000,C,107 ADAMS ST,DORCHESTER MA
777,1500556000,C,PO BOX 220101,DORCHESTER MA
778,1500562000,C,1469 DORCHESTER AV,DORCHESTER MA
779,1500639000,C,430-436 GENEVA AV,DORCHESTER MA
780,1500674000,C,37 CHARLES ST,DORCHESTER MA
781,1500774000,C,4 SHAFTER ST,DORCHESTER MA
782,1500939000,RC,121 BOWDOIN ST,DORCHESTER MA
783,1500999000,C,115 E COTTAGE ST,DORCHESTER MA
784,1501000000,RC,185 BOWDOIN ST,DORCHESTER MA
785,1501036000,C,97 TOPLIFF ST,DORCHESTER MA
786,1501300000,RC,247 BOWDOIN ST 2ND FLR,DORCHESTER MA
787,1501311000,C,213-221 BOWDOIN ST,DORCHESTER MA
788,1501313000,C,229 BOWDOIN ST,DORCHESTER MA
789,1501314100,RC,3 MILL ST #A,DORCHESTER MA
790,1501376000,RC,40 HANCOCK ST,DORCHESTER MA
791,1501535000,C,69 SHEPTON ST,DORCHESTER MA
792,1501537000,C,223 ADAMS ST,DORCHESTER MA
793,1501541000,C,1350 DORCHESTER AVE,DORCHESTER MA
794,1501585000,RC,1 ARCADIA,DORCHESTER MA
795,1501730000,RC,344 TALBOT AV STE 204,DORCHESTER MA
796,1501740000,C,31 JULIETTE ST,DORCHESTER MA
797,1501740000,C,31 JULIETTE ST,DORCHESTER MA
798,1501743000,RC,3 MILL ST #A,DORCHESTER MA
799,1502102000,RC,244 BOWDOIN ST,DORCHESTER MA
800,1502376000,C,36 WESTWOOD ST,DORCHESTER MA
801,1502378000,C,21 WESTWOOD,DORCHESTER MA
802,1502378000,C,21 WESTWOOD,DORCHESTER MA
803,1502485000,RC,490 COLUMBIA RD,DORCHESTER MA
804,1502516000,C,33 SAVIN HILL AVE,DORCHESTER MA
805,1502517000,C,5 VICTORIA ST,DORCHESTER MA
806,1502522000,RC,594 COLUMBIA RD,DORCHESTER MA
807,1502523000,RC,594 COLUMBIA RD,DORCHESTER MA
808,1502524000,RC,594 COLUMBIA RD,DORCHESTER MA
809,1502564000,C,142 PLEASANT ST,DORCHESTER MA
810,1502565000,RC,594 COLUMBIA RD,DORCHESTER MA
811,1502566000,RC,594 COLUMBIA RD,DORCHESTER MA
812,1502572000,RC,1185 DORCHESTER AV,DORCHESTER MA
813,1502612000,C,445 COLUMBIA RD,DORCHESTER MA
814,1502689000,C,21 HARTFORD ST,DORCHESTER MA
815,1502690000,C,21 HARTFORD ST,DORCHESTER MA
816,1502742000,RC,93 HANCOCK ST,DORCHESTER MA
817,1502855000,RC,382 BOWDOIN ST,DORCHESTER MA
818,1502975000,C,395 COLUMBIA ROAD,DORCHESTER MA
819,1502984000,RC,255 HANCOCK ST,DORCHESTER MA
820,1502985000,RC,255 HANCOCK ST,DORCHESTER MA
821,1503012000,RC,PO BOX 255895,DORCHESTER MA
822,1503046000,C,411 BOWDOIN ST,DORCHESTER MA
823,1503073000,C,14 MT VERNON ST,DORCHESTER MA
824,1503075000,C,383 BOWDOIN ST,DORCHESTER MA
825,1503076000,RC,14 MT VERNON ST,DORCHESTER MA
826,1503091000,C,150 FREEPORT ST,DORCHESTER MA
827,1503092000,C,36 WESTWOOD ST,DORCHESTER MA
828,1503092000,C,36 WESTWOOD ST,DORCHESTER MA
829,1503093000,C,36 WESTWOOD ST,DORCHESTER MA
830,1503095001,C,15 FREEPORT WY,DORCHESTER MA
831,1503095002,C,36 WESTWOOD ST,DORCHESTER MA
832,1503095002,C,36 WESTWOOD ST,DORCHESTER MA
833,1503097000,C,1246 DORCHESTER AV,DORCHESTER MA
834,1503099000,C,36 WESTWOOD ST,DORCHESTER MA
835,1503104000,C,1234 DORCHESTER AVE,DORCHESTER MA
836,1503106000,C,1224 DORCHESTER AV,DORCHESTER MA
837,1503136000,C,98 SYDNEY ST,DORCHESTER MA
838,1503140000,C,1160 DORCHESTER AV,DORCHESTER MA
839,1503156000,RC,1152 DORCHESTER AVE,DORCHESTER MA
840,1503159000,C,1146 DORCHESTER AV &,DORCHESTER MA
841,1503160000,C,1146 DORCHESTER AV &,DORCHESTER MA
842,1503164000,C,51 SEMONT RD,DORCHESTER MA
843,1503169000,C,1112 DORCHESTER AVE,DORCHESTER MA
844,1600007000,C,256 FREEPORT,DORCHESTER MA
845,1600037000,C,255 FREEPORT ST,DORCHESTER MA
846,1600050000,C,303 FREEPORT ST,DORCHESTER MA
847,1600050001,C,305 FREEPORT ST,DORCHESTER MA
848,1600121000,RC,104 VICTORY RD,DORCHESTER MA
849,1600121000,RC,104 VICTORY RD,DORCHESTER MA
850,1600159000,C,669 WM T MORRISSEY BL,DORCHESTER MA
851,1600212000,C,12A EVERDEAN,DORCHESTER MA
852,1600214000,C,337 FREEPORT ST,DORCHESTER MA
853,1600218000,C,645 WM T MORRISSEY BLVD,DORCHESTER MA
854,1600218025,C,645 WM T MORRISSEY BLVD,DORCHESTER MA
855,1600222000,C,700 MORRISSEY BLVD,DORCHESTER MA
856,1600228000,C,235 VICTORY RD,DORCHESTER MA
857,1600255000,C,735 MORRISSEY BLVD,DORCHESTER MA
858,1600255000,C,735 MORRISSEY BLVD,DORCHESTER MA
859,1600255000,C,735 MORRISSEY BLVD,DORCHESTER MA
860,1600255000,C,735 MORRISSEY BLVD,DORCHESTER MA
861,1600255000,C,735 MORRISSEY BLVD,DORCHESTER MA
862,1600255000,C,735 MORRISSEY BLVD,DORCHESTER MA
863,1600259020,C,855 MORRISSEY BLVD,DORCHESTER MA
864,1600356000,RC,76-80 NEPONSET AV,DORCHESTER MA
865,1600356000,RC,76-80 NEPONSET AV,DORCHESTER MA
866,1600358000,C,80 NEPONSET AV,DORCHESTER MA
867,1600363000,C,21 VICTORY RD,DORCHESTER MA
868,1600390000,C,95-99 NEPONSET AVE,DORCHESTER MA
869,1600413000,C,117 NEPONSET AVE,DORCHESTER MA
870,1600488001,RC,378 ADAMS ST,DORCHESTER MA
871,1600519100,C,54 VICTORY RD,DORCHESTER MA
872,1600538000,RC,354 ADAMS,DORCHESTER MA
873,1600539000,C,348 ADAMS ST,DORCHESTER MA
874,1600540200,C,39 GIBSON ST,DORCHESTER MA
875,1600542000,C,103 CLAYTON ST,DORCHESTER MA
876,1600543000,C,80 PARKMAN STREET,DORCHESTER MA
877,1600543001,C,80 PARKMAN ST,DORCHESTER MA
878,1600543002,RC,1859 DORCHESTER AV,DORCHESTER MA
879,1600544000,C,PO BOX 220607 ,DORCHESTER MA
880,1600545000,C,PO BOX 220607,DORCHESTER MA
881,1600547000,C,PO BOX 220607,DORCHESTER MA
882,1600553000,C,PO BOX 220607,DORCHESTER MA
883,1600554000,C,PO BOX 220607,DORCHESTER MA
884,1600555000,C,PO BOX 220607,DORCHESTER MA
885,1600575000,C,80 CHRISTOPHER ST,DORCHESTER MA
886,1600580000,C,103 CLAYTON ST,DORCHESTER MA
887,1600581000,C,103 CLAYTON ST,DORCHESTER MA
888,1600584000,C,87 PARK ST,DORCHESTER MA
889,1600589000,C,286 ADAMS ST,DORCHESTER MA
890,1600591010,C,184 ADAMS ST,DORCHESTER MA
891,1600594000,RC,261 ADAMS ST,DORCHESTER MA
892,1600595000,C,263 ADAMS ST,DORCHESTER MA
893,1600602000,C,14 BLOOMFIELD ST,DORCHESTER MA
894,1600661000,RC,P O BOX 220101,DORCHESTER MA
895,1600664000,C,315 ADAMS,DORCHESTER MA
896,1600666000,C,321 ADAMS ST,DORCHESTER MA
897,1600666000,C,321 ADAMS ST,DORCHESTER MA
898,1600667000,RC,1534 DORCHESTER AV,DORCHESTER MA
899,1600680000,RC,551 TALBOT AV,DORCHESTER MA
900,1600682000,RC,1544 DORCHESTER AV,DORCHESTER MA
901,1600684000,RC,1538 DORCHESTER AV,DORCHESTER MA
902,1600688000,C,1534 DORCHESTER AV,DORCHESTER MA
903,1600690000,C,1534 DORCHESTER AV,DORCHESTER MA
904,1600691000,C,1534 DORCHESTER AV,DORCHESTER MA
905,1600699001,C,39 GIBSON ST,DORCHESTER MA
906,1600699001,C,39 GIBSON ST,DORCHESTER MA
907,1600715000,RC,357 ADAMS ST,DORCHESTER MA
908,1600739000,RC,1582 DORCHESTER AV,DORCHESTER MA
909,1600752000,C,540 GALLIVAN BL,DORCHESTER MA
910,1600753001,C,103 CLAYTON ST,DORCHESTER MA
911,1600876000,RC,1592 DORCHESTER AV,DORCHESTER MA
912,1600930000,C,1616 DORCHESTER AVE,DORCHESTER MA
913,1601024000,C,229 PARK ST #1,DORCHESTER MA
914,1601044000,C,1664 DORCHESTER AV,DORCHESTER MA
915,1601054000,C,1684 DORCHESTER AVE,DORCHESTER MA
916,1601055000,C,1676 DORCHESTER AVE,DORCHESTER MA
917,1601113000,C,417 ADAMS ST,DORCHESTER MA
918,1601162000,C,14 ARCADIA ST,DORCHESTER MA
919,1601195000,C,1607 DORCHESTER AV,DORCHESTER MA
920,1601266000,RC,7 CENTRE AVE,DORCHESTER MA
921,1601314000,C,658 COLUMBIA RD,DORCHESTER MA
922,1601327000,C,1735 DORCHESTER AVE,DORCHESTER MA
923,1601475000,C,462 TALBOT AVE,DORCHESTER MA
924,1601483000,RC,1773 DORCHESTER AV,DORCHESTER MA
925,1601484000,RC,1775 DORCHESTER AVE,DORCHESTER MA
926,1601491010,C,192 MILTON ST,DORCHESTER MA
927,1601499000,C,679 COLUMBIA ROAD,DORCHESTER MA
928,1601500000,RC,1859 DORCHESTER AV,DORCHESTER MA
929,1601501000,RC,1859 DORCHESTER AV,DORCHESTER MA
930,1601502000,RC,1859 DORCHESTER AV,DORCHESTER MA
931,1601505000,RC,1859 DORCHESTER AV,DORCHESTER MA
932,1601515010,RC,16 DAWSON ST,DORCHESTER MA
933,1601515020,RC,16 DAWSON ST,DORCHESTER MA
934,1601522000,C,1859 DORCHESTER AV,DORCHESTER MA
935,1601523000,C,1859 DORCHESTER AV,DORCHESTER MA
936,1601597000,C,551 TALBOT AV,DORCHESTER MA
937,1601663000,RC,1772 DORCHESTER AVE,DORCHESTER MA
938,1601707000,C,1772 DORCHESTER AV,DORCHESTER MA
939,1602005000,RC,502 ADAMS,DORCHESTER MA
940,1602291000,RC,151-161 NEPONSET AV,DORCHESTER MA
941,1602477000,C,969 WM T MORRISSEY BLVD,DORCHESTER MA
942,1602500000,C,80 NEPONSET AV,DORCHESTER MA
943,1602553000,C,820 MORRISSEY BL,DORCHESTER MA
944,1602558000,C,35 TENEAN ST,DORCHESTER MA
945,1602559000,C,35 TENEAN STREET,DORCHESTER MA
946,1602559001,C,65 TENEAN ST,DORCHESTER MA
947,1602575010,C,74 LAWLEY ST ,DORCHESTER MA
948,1602580000,C,74 LAWLEY ST ,DORCHESTER MA
949,1602582000,C,820 WM T MORRISSEY BLVD,DORCHESTER MA
950,1602588000,C,800 W T MORRISSEY BLVD,DORCHESTER MA
951,1602591000,C,780 WM T MORRISSEY BLVD,DORCHESTER MA
952,1602615900,C,PO BOX 220066,DORCHESTER MA
953,1602616000,C,PO BOX 220066,DORCHESTER MA
954,1602617000,C,20R ERICSSON ST,DORCHESTER MA
955,1602617005,C,20 ERICSSON ST,DORCHESTER MA
956,1602617012,C,30 JEFFIRIES ST,EAST BOSTON MA
957,1602618000,C,74 LAWLEY ST,DORCHESTER MA
958,1602721000,C,17 WOODSWORTH ST,DORCHESTER MA
959,1602773000,C,1154 WM T MORRISSEY BL,DORCHESTER MA
960,1602972000,C,257 SAVIN HILL AV,DORCHESTER MA
961,1602974000,C,1844 DORCHESTER AVE,DORCHESTER MA
962,1603001000,RC,53 BEAUMONT ST,DORCHESTER MA
963,1603041000,RC,53 BEAUMONT ST,DORCHESTER MA
964,1603082000,RC,256 ASHMONT ST,DORCHESTER MA
965,1603093000,RC,212 ASHMONT NW,DORCHESTER MA
966,1603100000,C,80 NEPONSET AV,DORCHESTER MA
967,1603399000,C,771 ADAMS ST,DORCHESTER MA
968,1603616000,C,762 ADAMS ST,DORCHESTER MA
969,1603617000,C,750-752 ADAMS ST,DORCHESTER MA
970,1603618010,C,748 ADAMS ST,DORCHESTER MA
971,1603618020,C,748A ADAMS ST,DORCHESTER MA
972,1603619000,C,742 ADAMS ST,DORCHESTER MA
973,1603630000,RC,740 ADAMS,DORCHESTER MA
974,1603792000,C,630 ADAMS ST,DORCHESTER MA
975,1603793000,C,630 ADAMS ST,DORCHESTER MA
976,1603868000,RC,281A NEPONSET AV,DORCHESTER MA
977,1603983000,C,379 NEPONSET AV #,DORCHESTER MA
978,1603984000,C,379 NEPONSET AV #,DORCHESTER MA
979,1604087001,C,540 GALLIVAN BL,DORCHESTER MA
980,1604087002,C,5 CASPIAN WAY,DORCHESTER MA
981,1604087002,C,5 CASPIAN WAY,DORCHESTER MA
982,1604120000,C,664 GALLIVAN BL,DORCHESTER MA
983,1604173000,C,25 HALLET,DORCHESTER MA
984,1604174000,C,31 HALLET ST,DORCHESTER MA
985,1604177000,C,657 GALLIVAN BLVD #,DORCHESTER MA
986,1604180000,C,41 HALLET ST,DORCHESTER MA
987,1604181000,C,55 HALLET ST,DORCHESTER MA
988,1604184000,RC,18 MARSH ST,DORCHESTER MA
989,1604186000,RC,9 ODONNELL SQ,DORCHESTER MA
990,1604186000,RC,9 ODONNELL SQ,DORCHESTER MA
991,1604187000,C,657 GALLIVAN BLVD #,DORCHESTER MA
992,1604194003,C,815 GALLIVAN BL,DORCHESTER MA
993,1604195001,C,465 NEPONSET AV,DORCHESTER MA
994,1604195001,C,465 NEPONSET AV,DORCHESTER MA
995,1604205000,C,55 HALLET ST,DORCHESTER MA
996,1604225001,C,13 CLOVER ST,DORCHESTER MA
997,1604230000,C,80 NEPONSET ST,DORCHESTER MA
998,1604239000,RC,12 MINOT ST ,DORCHESTER MA
999,1604242010,C,415 NEPONSET AVE,DORCHESTER MA
1000,1604243000,C,815 GALLIVAN BL,DORCHESTER MA
1001,1604291000,C,60 HILL TOP,DORCHESTER MA
1002,1604291000,C,60 HILL TOP,DORCHESTER MA
1003,1604331010,C,100 HALLET ST,DORCHESTER MA
1004,1604345000,C,126 GRANITE AVENUE,DORCHESTER MA
1005,1604753000,RC,195 ASHMONT ST,DORCHESTER MA
1006,1604841000,RC,1996 DORCHESTER AV,DORCHESTER MA
1007,1604899000,RC,2038 DORCHESTER AV,DORCHESTER MA
1008,1604909000,C,299 GALLIVAN BLVD,DORCHESTER MA
1009,1605054000,RC,80 NEPONSET AVENUE,DORCHESTER MA
1010,1605068000,RC,36 MILTON ST,DORCHESTER MA
1011,1605245000,RC,7 FREDERIKA ST,DORCHESTER MA
1012,1700051000,RC,354 WASHINGTON,DORCHESTER MA
1013,1700052001,C,9 BOWDOIN ST,DORCHESTER MA
1014,1700068000,C,373 WASHINGTON ST,DORCHESTER MA
1015,1700107000,C,PO BOX 190269,ROXBURY MA
1016,1700163010,C,111 FLORIDA ST #1,DORCHESTER MA
1017,1700183000,RC,611 PARK ST,DORCHESTER MA
1018,1700289000,C,443 WASHINGTON,DORCHESTER MA
1019,1700309000,C,33 ELM HILL AVE,ROXBURY MA
1020,1700489000,RC,79 CORBET ST,DORCHESTER MA
1021,1700629010,C,PO BOX 220607,DORCHESTER MA
1022,1700632000,C,37 MORELAND ST #3,ROXBURY MA
1023,1700654001,C,571B WASHINGTON ST,DORCHESTER MA
1024,1700655000,C,571-573 WASHINGTON ST,DORCHESTER MA
1025,1700673001,C,571B WASHINGTON ST,DORCHESTER MA
1026,1700690000,C,344 TALBOT AVE SUITE 204,DORCHESTER MA
1027,1700693000,RC,344 TALBOT AV STE 204,DORCHESTER MA
1028,1700695000,C,587 WASHINGTON ST,DORCHESTER MA
1029,1700696040,C,PO BOX #240853,DORCHESTER MA
1030,1700696060,C,603 WASHINGTON,DORCHESTER MA
1031,1700788001,C,5 CLEMENTINE PARK,DORCHESTER MA
1032,1700826000,C,BOX 71,DORCHESTER MA
1033,1700835000,C,BOX 71,DORCHESTER MA
1034,1700949000,C,528 WASHINGTON ST,DORCHESTER MA
1035,1701025000,C,197 HAMILTON ST,DORCHESTER MA
1036,1701026000,RC,587 WASHINGTON ST,DORCHESTER MA
1037,1701054000,RC,50 REDFIELD ST #105,DORCHESTER MA
1038,1701163000,C,349 PARK ST,DORCHESTER MA
1039,1701291001,C,653 WASHINGTON ST ,DORCHESTER MA
1040,1701304000,C,36 NORFOLK ST,DORCHESTER MA
1041,1701305000,C,10 MERCIER AV,DORCHESTER MA
1042,1701313000,C,832 DORCHESTER AV,DORCHESTER MA
1043,1701343000,RC,44 NORFOLK ST,DORCHESTER MA
1044,1701417000,C,305 TALBOT AVE,DORCHESTER MA
1045,1701418000,RC,9 CHAMBLET ST,DORCHESTER MA
1046,1701459000,C,115 NORFOLK ST,DORCHESTER MA
1047,1701484000,C,200 NEW ENGLAND AV,DORCHESTER MA
1048,1701511000,RC,55 SOUTHERN AV,DORCHESTER MA
1049,1701590000,C,587 WASHINGTON ST,DORCHESTER MA
1050,1701624000,C,PO BOX 191818,ROXBURY MA
1051,1701624000,C,PO BOX 191818,ROXBURY MA
1052,1701633000,RC,217 NORFOLK,DORCHESTER MA
1053,1701649000,C,PO BOX 240915,DORCHESTER MA
1054,1701659000,RC,691 WASHINGTON ST,DORCHESTER MA
1055,1701902000,RC,48 VIOLET ST,MATTAPAN MA
1056,1702132000,RC,52 EVELYN ST,MATTAPAN MA
1057,1702189000,C,888 MORTON ST,MATTAPAN MA
1058,1702208000,C,918 MORTON ST,DORCHESTER MA
1059,1702212000,C,888 A MORTON ST,DORCHESTER MA
1060,1702419000,C,420 WASHINGTON ST,DORCHESTER MA
1061,1702569000,RC,330 FULLER ST,DORCHESTER MA
1062,1702835001,C,807 WASHINGTON ST,DORCHESTER MA
1063,1702889000,C,831 WASHINGTON ST,DORCHESTER MA
1064,1702981000,C,861 WASHINGTON ST,DORCHESTER MA
1065,1703273006,C,5 BARNA RD,DORCHESTER MA
1066,1703661000,RC,1220 ADAMS ST - LEASING OFFI,DORCHESTER MA
1067,1703661100,RC,1220 ADAMS ST - LEASING OFFI,DORCHESTER MA
1068,1703662000,RC,1220 ADAMS ST - LEASING OFFI,DORCHESTER MA
1069,1703664010,C,832 DORCHESTER AVE,DORCHESTER MA
1070,1703728010,C,7 11 RIVER ST,MATTAPAN MA
1071,1703756000,RC,1133 WASHINGTON ST,DORCHESTER MA
1072,1703756001,C,1137 WASHINGTON ST (L. BURM),DORCHESTER MA
1073,1703781000,RC,448 GALLIVAN BLVD ,DORCHESTER MA
1074,1703818000,C,85 RIVER ST,MATTAPAN MA
1075,1704030001,C,82 RIVER ST,DORCHESTER MA
1076,1704051000,C,1153 WASHINGTON ST,DORCHESTER MA
1077,1704052000,C,1159 WASHINGTON ST,DORCHESTER MA
1078,1704060000,C,103 CLAYTON ST,DORCHESTER MA
1079,1704063000,C,2271 DORCHESTER AV,DORCHESTER MA
1080,1704064000,C,2281 DORCHESTER AVE,DORCHESTER MA
1081,1704065000,C,2281 DORCHESTER AVE,DORCHESTER MA
1082,1704065001,C,2281 DORCHESTER AVE,DORCHESTER MA
1083,1704065002,C,2281 DORCHESTER AVE,DORCHESTER MA
1084,1704068000,RC,469 NEPONSET AV,DORCHESTER MA
1085,1704068001,RC,1140 WASHINGTON,DORCHESTER MA
1086,1704069000,RC,1140 WASHINGTON,DORCHESTER MA
1087,1704069001,RC,1140 WASHINGTON,DORCHESTER MA
1088,1704255000,C,970 WASHINGTON ST,DORCHESTER MA
1089,1704324000,RC,104 VICTORY RD,DORCHESTER MA
1090,1704529000,RC,1939 DORCHESTER AV,DORCHESTER MA
1091,1704532000,RC,1953 DORCHESTER AV,DORCHESTER MA
1092,1704599000,RC,1911 DORCHESTER AVE,DORCHESTER MA
1093,1704600000,C,1921 DORCHESTER AV,DORCHESTER MA
1094,1704713000,RC,1773 DORCHESTER AVE,DORCHESTER MA
1095,1704804011,C,637 WASHINGTON ST,DORCHESTER MA
1096,1704827000,C,21 HARTFORD ST,DORCHESTER MA
1097,1704828000,C,21 HARTFORD ST,DORCHESTER MA
1098,1704829000,C,36 ROCKWELL ST ,DORCHESTER MA
1099,1704945000,C,551 TALBOT AV,DORCHESTER MA
1100,1704946000,C,555 TALBOT AV,DORCHESTER MA
1101,1800004000,C,510 HF RIVER ST,MATTAPAN MA
1102,1800255000,C,981 MORTON,MATTAPAN MA
1103,1800256000,C,981 MORTON ST,MATTAPAN MA
1104,1800722000,C,189 DELHI ST,MATTAPAN MA
1105,1800737000,C,53 BEAUMONT ST,DORCHESTER MA
1106,1800741000,C,53 BEAUMONT ST,DORCHESTER MA
1107,1800864000,C,197 HAMILTON ST,DORCHESTER MA
1108,1800865000,C,1290 BLUE HILL AV,MATTAPAN MA
1109,1800923000,C,1336 BLUE HILL AV,MATTAPAN MA
1110,1800935000,C,1480 BLUE HILL AV,MATTAPAN MA
1111,1800936000,C,1480 BLUE HILL AV,MATTAPAN MA
1112,1800952000,RC,1416 BLUE HILL AV,MATTAPAN MA
1113,1800994000,C,1520 BLUE HILL AV,MATTAPAN MA
1114,1801005000,RC,1550 BLUE HILL AV,MATTAPAN MA
1115,1801022000,C,1646 BLUE HILL AV,MATTAPAN MA
1116,1801028000,C,299 GALLIVAN BLVD,DORCHESTER MA
1117,1801029000,C,1590 BLUE HILL AV,MATTAPAN MA
1118,1801030000,C,1586 BLUE HILL AV,MATTAPAN MA
1119,1801032005,C,132 BABSON ST,MATTAPAN MA
1120,1801037040,C,13 DELNORE PL,MATTAPAN MA
1121,1801049000,C,1525 BLUE HILL AVE,MATTAPAN MA
1122,1801121000,RC,1557 BLUE HILL AVE,MATTAPAN MA
1123,1801130000,C,80 NEPONSET AVE,DORCHESTER MA
1124,1801138001,C,1629 BLUE HILL AVE,MATTAPAN MA
1125,1801139000,C,1633 BLUE HILL AVE,MATTAPAN MA
1126,1801140000,C,1645 BLUE HILL AV,MATTAPAN MA
1127,1801141000,C,201 MANCHESTER ST,DORCHESTER MA
1128,1801145000,C,34 TOPALIAN ST,MATTAPAN MA
1129,1801145020,C,29 EDGEWATER DR,MATTAPAN MA
1130,1801159001,C,7 EDGEWATER DR,MATTAPAN MA
1131,1801161002,C,2 EDGEWATER DR,MATTAPAN MA
1132,1801163000,C,542 RIVER ST,MATTAPAN MA
1133,1801163001,C,103 CLAYTO ST,DORCHESTER MA
1134,1801167000,C,34 TOPALIAN ST,MATTAPAN MA
1135,1801169000,C,34 TOPALIAN ST,MATTAPAN MA
1136,1801179000,C,34 TOPALIAN ST,MATTAPAN MA
1137,1801180000,C,34 TOPALIAN ST,MATTAPAN MA
1138,1801620000,C,637-643 RIVER ST,MATTAPAN MA
1139,1801750000,C,839 CUMMINS HWY,MATTAPAN MA
1140,1801780000,RC,821 CUMMINS HWY,MATTAPAN MA
1141,1802584000,RC,"ERAL HOME, 89 WALNUT AVE",ROXBURY MA
1142,1802600000,C,271 ALABAMA,MATTAPAN MA
1143,1803156000,C,1379 BLUE HILL AV,MATTAPAN MA
1144,1803181000,C,711 WALK HILL ST,MATTAPAN MA
1145,1803497000,C,10 DRAPER ST,DORCHESTER MA
1146,1806152000,RC,12 ERICSSON ST 3RD FLR,DORCHESTER MA
1147,1806829000,C,40 DUDLEY ST,ROXBURY MA
1148,1806830010,C,40 DUDLEY ST,ROXBURY MA
1149,1807969000,C,12 ERICSSON ST STE 202,DORCHESTER MA
1150,1809447000,RC,103 CLAYTON STREET,DORCHESTER MA
1151,1809447000,RC,103 CLAYTON STREET,DORCHESTER MA
1152,1809461000,C,36 WESTWOOD ST,DORCHESTER MA
1153,2009206003,C,540 GALLIVAN BL,DORCHESTER MA
1154,2009206004,C,540 GALLIVAN BL,DORCHESTER MA
1155,2009215001,C,540 GALLIVAN BL,DORCHESTER MA